Invoice ID,Company Name,Invoice Status
INV2024001,NovaSphere Solutions,Unpaid
INV2024002,QuantumCraft Technologies,Paid
INV2024003,StellarEdge Innovations,Unpaid
INV2024004,FusionAxis Enterprises,Paid
INV2024005,ZenithWave Solutions,Paid
INV2024006,ElectraForge Ventures,Paid
INV2024007,NexusLeap Industries,Paid
INV2024008,Synthetix Systems,Paid
INV2024009,AlphaPeak Enterprises,Paid
INV2024010,InfinityWorks Inc.,Paid
INV2024011,PulseForge Technologies,Paid
INV2024012,ApexGrid Solutions,Paid
INV2024013,NebulaShift Ventures,Unpaid
INV2024014,LuminaTech Innovations,Paid
INV2024015,TitanForge Enterprises,Paid
INV2024016,QuantumSpark Solutions,Paid
INV2024017,NovaGenius Industries,Unpaid
INV2024018,SpectraSphere Ventures,Paid
INV2024019,TerraTech Innovations,Paid
INV2024020,VelocityByte Solutions,Paid
INV2024021,HyperNova Technologies,Paid
INV2024022,RadiantForge Enterprises,Paid
INV2024023,MatrixEdge Solutions,Paid
INV2024024,QuantumPulse Ventures,Paid
INV2024025,PhotonWorks Innovations,Unpaid
INV2024026,AetherWave Technologies,Paid
INV2024027,NexusSphere Solutions,Paid
INV2024028,SynergyCraft Enterprises,Paid
INV2024029,FutureWave Innovations,Paid
INV2024030,QuantumVertex Enterprises,Paid
INV2024031,AstralAxis Technologies,Paid
INV2024032,FusionGrid Solutions,Unpaid
INV2024033,NovaFusion Industries,Paid
INV2024034,OmniPulse Ventures,Paid
INV2024035,NebulaForge Technologies,Paid
INV2024036,QuantumQuasar Solutions,Paid
INV2024037,ElectraSphere Innovations,Unpaid
INV2024038,SynapseCraft Enterprises,Paid
INV2024039,GenesisGrid Technologies,Paid
INV2024040,QuantumLeap Ventures,Paid
INV2024041,NovaSphere Solutions,Unpaid
INV2024042,QuantumCraft Technologies,Paid
INV2024043,StellarEdge Innovations,Paid
INV2024044,FusionAxis Enterprises,Paid
INV2024045,ZenithWave Solutions,Paid
INV2024046,ElectraForge Ventures,Paid
INV2024047,NexusLeap Industries,Paid
INV2024048,Synthetix Systems,Paid
INV2024049,AlphaPeak Enterprises,Paid
INV2024050,InfinityWorks Inc.,Paid
INV2024051,PulseForge Technologies,Paid
INV2024052,ApexGrid Solutions,Paid
INV2024053,NebulaShift Ventures,Paid
INV2024054,LuminaTech Innovations,Paid
INV2024055,TitanForge Enterprises,Paid
INV2024056,QuantumSpark Solutions,Paid
INV2024057,NovaGenius Industries,Paid
INV2024058,SpectraSphere Ventures,Paid
INV2024059,TerraTech Innovations,Paid
INV2024060,VelocityByte Solutions,Paid
INV2024061,HyperNova Technologies,Paid
INV2024062,RadiantForge Enterprises,Paid
INV2024063,MatrixEdge Solutions,Paid
INV2024064,QuantumPulse Ventures,Paid
INV2024065,PhotonWorks Innovations,Paid
INV2024066,AetherWave Technologies,Paid
INV2024067,NexusSphere Solutions,Paid
INV2024068,SynergyCraft Enterprises,Paid
INV2024069,FutureWave Innovations,Paid
INV2024070,QuantumVertex Enterprises,Paid
INV2024071,AstralAxis Technologies,Paid
INV2024072,FusionGrid Solutions,Paid
INV2024073,NovaFusion Industries,Paid
INV2024074,OmniPulse Ventures,Paid
INV2024075,NebulaForge Technologies,Paid
INV2024076,QuantumQuasar Solutions,Paid
INV2024077,ElectraSphere Innovations,Paid
INV2024078,SynapseCraft Enterprises,Paid
INV2024079,GenesisGrid Technologies,Paid
INV2024080,QuantumLeap Ventures,Paid
INV2024081,NovaSphere Solutions,Unpaid
INV2024082,QuantumCraft Technologies,Paid
INV2024083,StellarEdge Innovations,Paid
INV2024084,FusionAxis Enterprises,Paid
INV2024085,ZenithWave Solutions,Paid
INV2024086,ElectraForge Ventures,Paid
INV2024087,NexusLeap Industries,Paid
INV2024088,Synthetix Systems,Paid
INV2024089,AlphaPeak Enterprises,Paid
INV2024090,InfinityWorks Inc.,Paid
INV2024091,PulseForge Technologies,Paid
INV2024092,ApexGrid Solutions,Paid
INV2024093,NebulaShift Ventures,Paid
INV2024094,LuminaTech Innovations,Paid
INV2024095,TitanForge Enterprises,Paid
INV2024096,QuantumSpark Solutions,Paid
INV2024097,NovaGenius Industries,Paid
INV2024098,SpectraSphere Ventures,Paid
INV2024099,TerraTech Innovations,Paid
INV2024100,VelocityByte Solutions,Paid
INV2024101,HyperNova Technologies,Paid
INV2024102,RadiantForge Enterprises,Paid
INV2024103,MatrixEdge Solutions,Paid
INV2024104,QuantumPulse Ventures,Paid
INV2024105,PhotonWorks Innovations,Paid
INV2024106,AetherWave Technologies,Paid
INV2024107,NexusSphere Solutions,Paid
INV2024108,SynergyCraft Enterprises,Paid
INV2024109,FutureWave Innovations,Paid
INV2024110,QuantumVertex Enterprises,Paid
INV2024111,AstralAxis Technologies,Paid
INV2024112,FusionGrid Solutions,Paid
INV2024113,NovaFusion Industries,Paid
INV2024114,OmniPulse Ventures,Paid
INV2024115,NebulaForge Technologies,Paid
INV2024116,QuantumQuasar Solutions,Paid
INV2024117,ElectraSphere Innovations,Paid
INV2024118,SynapseCraft Enterprises,Paid
INV2024119,GenesisGrid Technologies,Paid
INV2024120,QuantumLeap Ventures,Unpaid
INV2024121,NovaSphere Solutions,Unpaid
INV2024122,QuantumCraft Technologies,Paid
INV2024123,StellarEdge Innovations,Paid
INV2024124,FusionAxis Enterprises,Paid
INV2024125,ZenithWave Solutions,Paid
INV2024126,ElectraForge Ventures,Paid
INV2024127,NexusLeap Industries,Paid
INV2024128,Synthetix Systems,Paid
INV2024129,AlphaPeak Enterprises,Paid
INV2024130,InfinityWorks Inc.,Paid
INV2024131,PulseForge Technologies,Paid
INV2024132,ApexGrid Solutions,Paid
INV2024133,NebulaShift Ventures,Paid
INV2024134,LuminaTech Innovations,Paid
INV2024135,TitanForge Enterprises,Paid
INV2024136,QuantumSpark Solutions,Paid
INV2024137,NovaGenius Industries,Paid
INV2024138,SpectraSphere Ventures,Paid
INV2024139,TerraTech Innovations,Paid
INV2024140,VelocityByte Solutions,Paid
INV2024141,HyperNova Technologies,Paid
INV2024142,RadiantForge Enterprises,Paid
INV2024143,MatrixEdge Solutions,Paid
INV2024144,QuantumPulse Ventures,Paid
INV2024145,PhotonWorks Innovations,Paid
INV2024146,AetherWave Technologies,Paid
INV2024147,NexusSphere Solutions,Paid
INV2024148,SynergyCraft Enterprises,Paid
INV2024149,FutureWave Innovations,Paid
INV2024150,QuantumVertex Enterprises,Paid
INV2024151,AstralAxis Technologies,Paid
INV2024152,FusionGrid Solutions,Paid
INV2024153,NovaFusion Industries,Paid
INV2024154,OmniPulse Ventures,Paid
INV2024155,NebulaForge Technologies,Paid
INV2024156,QuantumQuasar Solutions,Paid
INV2024157,ElectraSphere Innovations,Paid
INV2024158,SynapseCraft Enterprises,Paid
INV2024159,GenesisGrid Technologies,Paid
INV2024160,QuantumLeap Ventures,Paid
INV2024161,NovaSphere Solutions,Paid
INV2024162,QuantumCraft Technologies,Paid
INV2024163,StellarEdge Innovations,Paid
INV2024164,FusionAxis Enterprises,Paid
INV2024165,ZenithWave Solutions,Paid
INV2024166,ElectraForge Ventures,Paid
INV2024167,NexusLeap Industries,Paid
INV2024168,Synthetix Systems,Paid
INV2024169,AlphaPeak Enterprises,Paid
INV2024170,InfinityWorks Inc.,Paid
INV2024171,PulseForge Technologies,Paid
INV2024172,ApexGrid Solutions,Paid
INV2024173,NebulaShift Ventures,Paid
INV2024174,LuminaTech Innovations,Paid
INV2024175,TitanForge Enterprises,Paid
INV2024176,QuantumSpark Solutions,Paid
INV2024177,NovaGenius Industries,Paid
INV2024178,SpectraSphere Ventures,Paid
INV2024179,TerraTech Innovations,Paid
INV2024180,VelocityByte Solutions,Paid
INV2024181,HyperNova Technologies,Paid
INV2024182,RadiantForge Enterprises,Paid
INV2024183,MatrixEdge Solutions,Paid
INV2024184,QuantumPulse Ventures,Paid
INV2024185,PhotonWorks Innovations,Paid
INV2024186,AetherWave Technologies,Paid
INV2024187,NexusSphere Solutions,Paid
INV2024188,SynergyCraft Enterprises,Paid
INV2024189,FutureWave Innovations,Paid
INV2024190,QuantumVertex Enterprises,Paid
INV2024191,AstralAxis Technologies,Paid
INV2024192,FusionGrid Solutions,Paid
INV2024193,NovaFusion Industries,Paid
INV2024194,OmniPulse Ventures,Paid
INV2024195,NebulaForge Technologies,Paid
INV2024196,QuantumQuasar Solutions,Paid
INV2024197,ElectraSphere Innovations,Paid
INV2024198,SynapseCraft Enterprises,Paid
INV2024199,GenesisGrid Technologies,Paid
INV2024200,QuantumLeap Ventures,Paid
